#9
GCPhani,GCPhaneendra@123
KeshavaRedday,RangayyaGariKeshavaReddy@gmail123
VenuGopal,VenuGopal@gmail1234
vandhana,VandhanaRedday@gmail1234
FazadFasel,FazadFasel@gmail1234
shenkar,Shenkarks@gmail7689
Lokesh,LokeshKanakaraju7878
RamyaAmmu,RamyaAmmulove@123
Jaikarnush,Jaikarnush@1234
